ne_name,top_keys
CARDINAL,"[('AI 人工智慧', [('之一', 8), ('十萬', 2), ('數百萬', 2), ('60', 2), ('10', 2), ('數十', 2), ('數百', 2), ('148', 1), ('024', 1), ('十倍', 1), (' 10 萬', 1), ('2,000~3,500', 1), ('千餘', 1), ('95,000', 1), ('180', 1), ('350多', 1), ('200', 1), ('四分之一', 1), ('數以億', 1), ('92', 1)]), ('尖端科技', [('之一', 3), ('百萬', 2), ('三分之一', 1), ('4,000 ', 1), ('2,335', 1), ('數以萬', 1), ('144,000 ', 1), (' 72 ', 1), ('三角', 1), ('1,632', 1), ('幾億', 1), ('2,000~3,500', 1), ('853', 1), ('5.7', 1), ('900', 1), ('396', 1), ('300多', 1), ('140', 1), ('2050', 1), ('4,000', 1)]), ('市場動態', [('之一', 6), ('數十億', 4), ('上萬', 3), ('2,200', 1), ('299', 1), ('兩倍', 1), (' 20 億', 1), ('二十多', 1), ('五萬多', 1), ('二百多', 1), ('六成', 1), ('100 萬', 1), ('27,000', 1), ('14:00', 1), ('四合一', 1), ('近萬', 1), ('38 萬', 1), ('幾萬', 1), (' 8 萬', 1), ('10 ', 1)]), ('生物科技', [('之一', 5), ('三分之一', 3), ('10', 3), ('破萬', 2), ('100 萬', 2), ('20', 2), (' 18 萬', 2), ('一半', 2), ('10 萬', 2), ('19', 2), (' 萬', 2), ('四分之一', 2), ('2,082', 1), ('800萬', 1), ('11', 1), ('85萬', 1), ('6萬', 1), ('五成', 1), ('半數', 1), ('3,007', 1)]), ('網路', [('之一', 4), (' 1 億', 4), ('20 萬', 4), ('200 萬', 3), ('數億', 2), ('300 萬', 1), ('86,000', 1), ('2億2,218萬', 1), ('8,0', 1), ('00萬', 1), ('1.5萬', 1), ('數百', 1), ('三分之二', 1), ('超過百', 1), ('2.2 億', 1), ('229 萬', 1), ('21 萬', 1), ('43', 1), ('46倍', 1), ('60', 1)]), ('能源科技', [('之一', 6), ('2050', 4), ('四分之一', 2), ('幾千', 2), (' 176 ', 1), ('70 萬', 1), ('310 ', 1), ('10 萬', 1), ('一百萬', 1), ('半數', 1), ('29 ', 1), ('30', 1), ('400萬', 1), ('數百萬', 1), ('730.7萬桶', 1), ('700萬', 1), ('30萬', 1), ('1,022.7萬桶', 1), ('1,033.1萬桶', 1), ('1,043.6萬桶', 1)]), ('行動裝置', [('之一', 5), ('75', 2), ('800 萬', 2), ('300 萬', 2), ('5,640 萬台', 1), ('4,300 萬台', 1), (' 5,720 萬台', 1), ('高三', 1), ('000', 1), ('3.3億', 1), ('26', 1), ('100', 1), ('100萬', 1), ('兩倍', 1), ('四倍', 1), ('三方', 1), ('五種', 1), ('100 萬', 1), ('三星', 1), (' 600 萬', 1)]), ('零組件', [('之一', 5), ('數千', 2), ('三成', 2), ('五成', 2), ('2022', 2), ('3千', 1), ('三分之二', 1), ('20', 1), ('1億', 1), ('12 萬', 1), ('兩位數', 1), ('8,860萬', 1), ('148', 1), ('4.0', 1), ('7.4萬', 1), ('5.1萬', 1), (' 3 ', 1)]), ('全部', [('之一', 42), ('10', 6), ('四分之一', 5), ('數百', 5), ('一半', 5), ('2050', 5), ('數十', 4), ('三分之二', 4), ('三分之一', 4), ('100 萬', 4), ('上萬', 4), ('數十億', 4), (' 1 億', 4), ('20 萬', 4), ('十萬', 3), ('數百萬', 3), ('180', 3), ('60', 3), ('19', 3), ('兩倍', 3)])]"
DATE,"[('AI 人工智慧', [('今年', 14), ('去年', 7), ('近年', 7), ('今日', 6), ('2021 年', 6), ('2020 年', 5), ('一年', 4), ('過去一年', 4), ('2025 年', 4), ('5 年', 3), ('下半年', 3), ('2022 年', 3), ('多年', 3), ('2016 年', 3), ('2017年', 3), ('去年 12 月', 2), ('兩年內', 2), ('近日', 2), ('今年初', 2), ('過去幾年', 2)]), ('尖端科技', [('今年', 17), ('今日', 6), ('去年', 6), ('近日', 5), ('2014 年', 5), ('昨日', 5), ('幾十年', 3), ('2021 年', 3), ('2007年', 3), ('20年', 3), ('年底', 3), (' 11 月', 2), ('2010 年', 2), ('幾天', 2), ('未來十年', 2), ('今天', 2), ('今年 2 月', 2), ('2020 年', 2), ('多年', 2), ('2023年', 2)]), ('市場動態', [('21 年', 14), ('今年', 13), ('2021 年', 7), ('近年', 5), ('今日', 4), ('一年', 4), ('2016 年', 4), ('2018 年', 3), ('2020 年', 3), ('18 歲', 3), ('第一年', 3), ('去年', 2), ('2022 年', 2), ('2015 年', 2), ('2050 年', 2), ('多年', 2), ('2002 年', 2), ('10 年', 2), ('昨日', 2), ('一個月', 2)]), ('生物科技', [('今年', 25), ('今日', 20), ('去年', 14), ('今天', 6), ('5 月', 5), ('一週', 5), ('5~11歲', 4), (' 7 天', 4), ('10 天', 4), ('6~11歲', 3), ('幾十年', 3), ('一年', 3), ('全年', 3), ('3 月', 3), (' 5 月', 3), (' 10 天', 3), ('19日', 3), ('4 月 25 日', 2), ('4月20日', 2), ('去年底', 2)]), ('網路', [('今年', 34), ('去年', 15), ('2021 年', 14), ('第一季', 10), ('2020 年', 7), ('今日', 5), ('第二季', 5), ('5 月', 4), ('近日', 3), ('2014 年', 3), ('上週', 3), ('21日', 3), (' 2022 年', 3), ('多年', 3), ('2019 年', 3), ('19 日', 3), (' 4 月 23 日', 2), ('前一年度', 2), ('2021 年 6 月', 2), ('21 日', 2)]), ('能源科技', [('今年', 24), ('去年', 18), ('2030 年', 15), ('今日', 13), ('2050 年', 12), ('2021 年', 8), ('2025 年', 7), ('一天', 7), ('2020 年', 6), ('2035 年', 5), ('今天', 5), ('2035年', 5), ('2025年', 4), ('19日', 4), ('2024 年', 3), ('全年', 3), ('近年', 3), ('2050年', 3), ('數十年', 3), ('3月', 3)]), ('行動裝置', [('今年', 27), ('去年', 17), ('春季', 10), (' 2022 年', 8), ('2021 年', 4), ('2013年', 4), ('2022 年', 3), ('3 月', 3), ('2024 年', 3), ('今年秋季', 3), ('明年', 3), ('2018 年', 2), ('三年', 2), ('一個月', 2), ('2009年', 2), ('2019年', 2), ('2021年', 2), (' 2025 年', 2), ('第二季', 2), (' 2023 年', 2)]), ('零組件', [('今年', 25), ('去年', 20), ('2021 年', 14), ('第一季', 8), ('下半年', 8), ('2022 年', 7), ('2025 年', 7), ('全年', 6), ('第二季', 6), ('4 月', 4), ('2024 年', 4), ('2020 年', 4), ('20 日', 4), ('今日', 3), ('2 月', 3), ('3 月', 3), ('2030 年', 3), ('上年度', 3), ('今天', 3), ('30年', 2)]), ('全部', [('今年', 179), ('去年', 99), ('今日', 59), ('2021 年', 58), ('2020 年', 30), ('近年', 21), ('2025 年', 21), ('第一季', 21), ('2030 年', 20), ('今天', 19), ('2022 年', 18), ('2050 年', 17), ('一年', 17), ('全年', 17), ('下半年', 14), ('21 年', 14), ('多年', 13), ('第二季', 13), ('一個月', 12), ('2018 年', 12)])]"
EVENT,"[('AI 人工智慧', [('新冠疫情', 2), ('國際中風會議', 1), ('新冠肺炎', 1), ('雅典', 1), ('二次大戰', 1), ('二戰', 1)]), ('尖端科技', [('俄烏戰爭', 6), ('烏俄戰爭', 5), ('西北風', 1), ('克里米亞', 1), ('東京奧運', 1), ('E1 世界電動賽艇系列錦標賽', 1), (' F1H20 動力艇系列賽', 1), ('麥拉倫（McLaren）', 1), ('上海疫情', 1), ('新冠肺炎', 1), ('敘利亞內戰', 1), ('亞美尼亞─亞塞拜然戰爭', 1)]), ('市場動態', [('新冠疫情', 1), ('Pixel View 線上技術訓練研討會', 1), ('COVID-19', 1)]), ('生物科技', [('Omicron 疫情', 1), ('南韓武漢肺炎', 1), ('2019', 1)]), ('網路', [('超級盃', 7), ('烏俄戰爭', 3), ('克里米亞', 1), ('斯拉超級盃', 1), ('俄烏戰爭', 1), ('聯合國氣候大會', 1), ('COVID-19疫情', 1)]), ('能源科技', [('俄烏戰爭', 6), ('盧碧颱風', 1), ('環保署環評大會', 1), ('ID-19疫情', 1), ('烏克蘭戰爭', 1)]), ('行動裝置', [('俄烏戰爭', 2)]), ('零組件', [('俄烏戰爭', 1)]), ('全部', [('俄烏戰爭', 16), ('烏俄戰爭', 8), ('超級盃', 7), ('新冠疫情', 3), ('新冠肺炎', 2), ('克里米亞', 2), ('國際中風會議', 1), ('雅典', 1), ('二次大戰', 1), ('二戰', 1), ('西北風', 1), ('東京奧運', 1), ('E1 世界電動賽艇系列錦標賽', 1), (' F1H20 動力艇系列賽', 1), ('麥拉倫（McLaren）', 1), ('上海疫情', 1), ('敘利亞內戰', 1), ('亞美尼亞─亞塞拜然戰爭', 1), ('Pixel View 線上技術訓練研討會', 1), ('COVID-19', 1)])]"
FAC,"[('AI 人工智慧', [('國王十字大樓', 1), ('安柏里皇家空軍基地', 1)]), ('尖端科技', [('五角大廈', 4), ('龐貝考古公園', 2), ('甘迺迪太空中心', 2), ('阿貢國家實驗室', 2), ('龐貝', 1), ('托雷安農齊亞塔', 1), (' Spot ', 1), ('堪察加半島庫拉飛彈試驗場', 1), ('庫拉飛彈試驗場', 1), ('萊肯希思基地', 1), ('虹橋機場', 1), ('拉姆施泰因空軍基地', 1), ('美國太空港', 1)]), ('市場動態', [('鄧巴頓酒廠', 2), ('臺大醫院國際會議中心', 1), ('蘇格蘭酒廠', 1)]), ('生物科技', [('樟宜機場', 6), ('大佳河濱公園', 1), ('指揮中心', 1), ('台北天文館', 1)]), ('網路', [('松山機場', 2), (' Q1 ', 1), (' HBO Max ', 1), (' IP 庫', 1), ('劍橋', 1), ('五角大廈', 1), ('清泉岡機場', 1), ('國防部', 1), ('夏威夷基地', 1), ('花蓮佳山空軍基地', 1), ('中國軍事基地', 1)]), ('能源科技', [('德基水庫', 3), ('五角大廈', 3), ('愛達荷國家實驗室', 1), ('谷關水庫', 1), ('衡陽廠區', 1), ('昆山廠區', 1), ('虎躍廠總部', 1), ('克里姆林宮', 1)]), ('行動裝置', [('俄羅斯館', 1)]), ('零組件', [('高雄煉油廠', 2), ('楠梓產業園區', 2), ('高煉廠', 2), ('衡陽廠區', 1), ('昆山廠區', 1), ('虎躍廠總部', 1), ('IC 育成中心', 1), ('中壢廠', 1), ('中壢工業區', 1)]), ('全部', [('五角大廈', 8), ('樟宜機場', 6), ('德基水庫', 3), ('龐貝考古公園', 2), ('甘迺迪太空中心', 2), ('阿貢國家實驗室', 2), ('鄧巴頓酒廠', 2), ('松山機場', 2), ('衡陽廠區', 2), ('昆山廠區', 2), ('虎躍廠總部', 2), ('高雄煉油廠', 2), ('楠梓產業園區', 2), ('高煉廠', 2), ('國王十字大樓', 1), ('安柏里皇家空軍基地', 1), ('龐貝', 1), ('托雷安農齊亞塔', 1), (' Spot ', 1), ('堪察加半島庫拉飛彈試驗場', 1)])]"
GPE,"[('AI 人工智慧', [('台灣', 23), ('舊金山', 14), ('美國', 11), ('澳洲', 10), ('日本', 4), ('中國', 4), ('鳳凰城', 3), ('希臘', 3), ('高雄', 3), ('台北', 2), ('瑞士', 2), ('倫敦', 2), ('矽谷', 2), ('北京', 1), ('德國', 1), ('烏克蘭', 1), ('特拉維夫', 1), ('葡萄牙', 1), ('劍橋', 1), ('費城', 1)]), ('尖端科技', [('俄羅斯', 65), ('美國', 54), ('烏克蘭', 37), ('中國', 16), ('台灣', 13), ('龐貝城', 10), ('臺灣', 9), ('英國', 7), ('挪威', 6), ('以色列', 6), ('斯洛伐克', 6), ('波蘭', 5), ('日本', 5), ('德國', 5), ('義大利', 4), ('保加利亞', 4), ('撒旦', 3), ('美俄', 2), ('印度', 2), ('蘇聯', 2)]), ('市場動態', [('台灣', 72), ('日本', 13), ('臺灣', 11), ('蘇格蘭', 10), ('台北', 7), ('美國', 7), ('中國', 5), ('高雄', 5), ('英國', 5), ('香港', 3), ('荷蘭', 3), ('韓國', 2), ('台灣區', 2), ('法國', 2), ('昆山', 2), ('中華民國', 2), ('大寮', 1), ('日本京都市', 1), ('新加坡', 1), ('印度', 1)]), ('生物科技', [('台灣', 37), ('南韓', 28), ('日本', 25), ('美國', 21), ('香港', 9), ('新加坡', 8), ('加拿大', 7), ('中國', 7), ('澳洲', 5), ('印度', 5), ('桃園市', 4), ('英國', 3), ('新北市', 3), ('台北市', 3), ('基隆市', 3), ('韓國', 2), ('阿拉伯', 2), ('高雄市', 2), ('花蓮縣', 2), ('瑞士', 2)]), ('網路', [('台灣', 46), ('美國', 31), ('中國', 16), ('俄羅斯', 15), ('烏克蘭', 11), ('英國', 5), ('日本', 5), ('加拿大', 4), ('香港', 3), ('矽谷', 3), ('台北', 2), ('桃園', 2), ('台中', 2), ('智利', 2), ('哥斯大黎加', 2), ('秘魯', 2), ('印度', 2), ('基輔', 1), ('霍斯托梅', 1), ('白俄羅斯', 1)]), ('能源科技', [('台灣', 60), ('美國', 29), ('俄國', 28), ('英國', 24), ('俄羅斯', 24), ('中國', 20), ('南韓', 19), ('加州', 14), ('印度', 13), ('沙國', 13), ('日本', 11), ('德國', 11), ('彰化', 8), ('挪威', 8), ('烏克蘭', 7), ('法國', 6), ('上海', 6), ('義大利', 5), ('葡萄牙', 4), ('以色列', 3)]), ('行動裝置', [('台灣', 11), ('中國', 7), ('俄羅斯', 7), ('美國', 5), ('日本', 3), ('重慶', 3), ('巴塞隆納', 3), ('烏克蘭', 3), ('坡州', 3), ('印度', 2), ('韓國', 2), ('菲律賓', 2), ('西班牙', 2), ('馬來西亞', 1), ('越南', 1), ('英國', 1), ('加拿大', 1), ('墨西哥', 1), ('中資', 1), ('中國京東方', 1)]), ('零組件', [('中國', 35), ('美國', 29), ('台灣', 19), ('高雄', 7), ('上海', 7), ('昆山', 7), ('荷蘭', 5), ('亞利桑那州', 4), ('深圳', 3), ('蘇州', 3), ('昆山市', 3), ('日本', 2), ('新加坡', 2), ('樂山', 2), ('南韓', 2), ('英國', 1), ('台南', 1), ('新北', 1), ('南港', 1), ('俄烏', 1)]), ('全部', [('台灣', 281), ('美國', 187), ('俄羅斯', 113), ('中國', 110), ('日本', 68), ('烏克蘭', 61), ('南韓', 52), ('英國', 46), ('俄國', 29), ('印度', 26), ('臺灣', 20), ('德國', 19), ('澳洲', 17), ('加拿大', 16), ('高雄', 16), ('香港', 16), ('挪威', 15), ('加州', 15), ('上海', 15), ('舊金山', 14)])]"
LANGUAGE,"[('AI 人工智慧', [('中文', 2), ('粵語', 1)]), ('尖端科技', [('英文', 1)]), ('市場動態', [('英語', 1)]), ('生物科技', []), ('網路', [('中文', 2), ('粵語', 1)]), ('能源科技', []), ('行動裝置', []), ('零組件', [('英語', 1)]), ('全部', [('中文', 4), ('粵語', 2), ('英語', 2), ('英文', 1)])]"
LAW,"[('AI 人工智慧', []), ('尖端科技', [('新消減戰略武器條約', 1), ('國防授權法', 1)]), ('市場動態', []), ('生物科技', []), ('網路', [('住宅法', 2), ('財政部', 1)]), ('能源科技', [('氣候宣言', 1), ('巴黎協定', 1), ('巴黎氣候協定', 1), ('氣候變遷因應法', 1), ('氣候變遷調適法', 1)]), ('行動裝置', []), ('零組件', [('產業創新條例', 1), ('巴黎氣候協定', 1)]), ('全部', [('住宅法', 2), ('巴黎氣候協定', 2), ('新消減戰略武器條約', 1), ('國防授權法', 1), ('財政部', 1), ('氣候宣言', 1), ('巴黎協定', 1), ('氣候變遷因應法', 1), ('氣候變遷調適法', 1), ('產業創新條例', 1)])]"
LOC,"[('AI 人工智慧', [('歐洲', 5), ('亞洲區', 1), ('亞洲', 1)]), ('尖端科技', [('堪察加半島', 2), ('亞洲', 2), ('歐洲', 2), ('西北風', 1), ('內烏東', 1), ('南方戰區', 1), ('南極', 1), ('美東', 1), ('西昌', 1), ('北半球', 1), ('內蓋夫沙漠地區', 1), ('波河', 1), ('東歐', 1)]), ('市場動態', [('亞洲', 5), ('亞太', 4), ('歐洲', 3), ('亞太區', 2), ('東南亞', 2), ('北美', 2), ('基隆山區', 1)]), ('生物科技', [('亞洲', 4), ('東南亞', 2), ('亞太', 1), ('江南區', 1), ('淡水河', 1), ('北美', 1), ('北半球', 1), ('銀河系', 1), ('歐洲', 1), ('北歐', 1)]), ('網路', [('南區', 5), ('美東', 1), ('黃浦江', 1), ('關島', 1), ('太平島', 1), ('亞太區', 1), ('東南亞', 1), ('歐美', 1)]), ('能源科技', [('歐洲', 23), ('西南', 8), ('東南', 4), ('大甲溪', 3), ('非洲', 3), ('波羅的海', 2), ('北極海', 2), ('北美', 1), ('亞太區', 1), ('亞洲', 1), ('黑海', 1), ('北非', 1), ('西西里海峽', 1), ('Flickr', 1), ('石島灣', 1), ('美歐', 1), ('南歐', 1), ('南亞', 1)]), ('行動裝置', [('亞太區', 3), ('歐洲', 2), ('亞太', 1)]), ('零組件', [('楠梓區', 1), ('半屏山', 1), ('亞洲', 1), ('歐亞', 1), ('歐洲', 1), ('北美', 1), ('亞太', 1), ('華東', 1), ('華南', 1), ('長三角', 1), ('開發區', 1)]), ('全部', [('歐洲', 37), ('亞洲', 14), ('西南', 8), ('亞太', 7), ('亞太區', 7), ('東南亞', 5), ('北美', 5), ('南區', 5), ('東南', 4), ('大甲溪', 3), ('非洲', 3), ('堪察加半島', 2), ('美東', 2), ('北半球', 2), ('波羅的海', 2), ('北極海', 2), ('亞洲區', 1), ('西北風', 1), ('內烏東', 1), ('南方戰區', 1)])]"
MONEY,"[('AI 人工智慧', [('4,000 萬元', 2), ('新台幣67.9億元', 1), ('3,000 萬美元', 1), ('50 萬美元', 1), (' 3,450 萬美元', 1), (' 450 萬美元', 1), (' 10 億美金', 1), (' 100 億人民幣', 1), ('300 萬美元', 1), (' 1 億美元', 1), (' 12 億美元', 1), ('750萬美元', 1), (' 1.5 億美元', 1), (' 19 億美元', 1), (' 600 億美元', 1), ('6,400 萬元', 1), ('1,100 萬元', 1), (' 16 億美元', 1), ('數百萬美元', 1), ('500萬美元', 1)]), ('尖端科技', [(' 8 億美元', 2), ('3,000 萬美元', 1), ('50 萬美元', 1), (' 3,450 萬美元', 1), (' 450 萬美元', 1), (' 10 億美金', 1), (' 100 億人民幣', 1), (' 1000 股', 1), ('20,000 美元', 1), ('3.5 美元', 1), ('940美元', 1), ('480美元', 1)]), ('市場動態', [('299 元', 2), ('723 億元', 1), ('億元', 1), ('292 億美元', 1), (' 3 元美金', 1), ('一億美元', 1), ('1,500 萬美元', 1), ('新台幣4億元', 1), (' 2 億元', 1), ('一億美金', 1), ('新台幣', 1), ('3,600 元', 1), ('一萬元', 1), ('上千萬元', 1)]), ('生物科技', [('200 元', 3), ('218 元', 2), (' 195 元', 1), ('195 元', 1), ('170 元', 1), ('180 元', 1), (' 100 元', 1), ('25億美元', 1), ('約台幣726億6,950萬元', 1), ('530美元', 1), ('約新台幣15,624元', 1), ('250美元', 1), ('約新台幣7,370元', 1), ('6 億元', 1), ('943 萬元', 1), ('2.89 元', 1), ('0.25 元', 1), (' 3 元', 1), ('2.67美元', 1), ('236.2億美元', 1)]), ('網路', [('1 萬元', 4), ('19.2 萬元', 3), ('65.2 萬元', 2), ('54 萬元', 2), ('0 元', 2), ('53 萬元', 2), (' 1 萬元', 2), ('430億美元', 2), ('54.20美元', 2), ('約台幣 85 元', 2), ('8,000 元', 1), ('000 元', 1), ('8.8 萬元', 1), ('5.2 萬元', 1), ('24 萬元', 1), ('2.5 萬元', 1), (' 5 萬元', 1), ('76.8 萬元', 1), ('1.6 萬元', 1), ('2.6 萬元', 1)]), ('能源科技', [('100元', 4), ('1 元', 4), ('1.9 元', 3), ('185美元', 2), ('300元', 2), (' 15 億英鎊', 2), ('50億元', 2), ('10 億元', 2), ('2.6 元', 2), ('1.04 元', 2), ('1.43 元', 2), (' 5 億美元', 1), ('5.46 億美元', 1), ('約 159 億新台幣', 1), ('520 億英鎊', 1), ('20 億美元', 1), ('69.83美元', 1), ('新台幣 26 億元', 1), ('25%', 1), ('6,000萬美元', 1)]), ('行動裝置', [('990 元', 2), ('1億美元', 1), ('3.0', 1), ('100美元', 1), ('499美元', 1), (' 14,990 元', 1), ('1.41 兆元', 1), ('5,074 億元', 1), ('429美元', 1), ('2,990 元', 1), ('7,990 元', 1), ('2,200 元', 1), ('900 元', 1), (' 400 歐元', 1), ('90 元', 1), ('5,000 美元', 1), ('新台幣 2.1 億元', 1), (' 2 萬元', 1)]), ('零組件', [('新台幣', 4), ('11 億歐元', 2), ('600 元', 2), (' 410 元', 2), ('4 萬元', 1), ('3 萬元', 1), (' 3.6 萬元', 1), (' 80 億美元', 1), ('320 億美元', 1), (' 600 億美元', 1), (' 355 億元', 1), ('4.71 億歐元', 1), ('20 億美元', 1), ('2.5 億美元', 1), ('52 億美元', 1), ('915.13億日圓', 1), ('662.06億日圓', 1), ('854億日圓', 1), ('617億日圓', 1), ('624億日圓', 1)]), ('全部', [('新台幣', 7), ('1 萬元', 4), ('100元', 4), ('1 元', 4), ('200 元', 3), ('19.2 萬元', 3), ('50億元', 3), ('1.9 元', 3), ('新台幣67.9億元', 2), ('3,000 萬美元', 2), ('50 萬美元', 2), (' 3,450 萬美元', 2), (' 450 萬美元', 2), (' 10 億美金', 2), (' 100 億人民幣', 2), (' 600 億美元', 2), ('4,000 萬元', 2), (' 8 億美元', 2), ('億元', 2), ('299 元', 2)])]"
NORP,"[('AI 人工智慧', [('美國', 2), ('日本', 1), ('美商', 1), ('香港', 1), ('華人', 1)]), ('尖端科技', [('烏軍', 3), ('日商', 2), ('日本', 2), ('美製', 1), ('瓦肯人', 1), ('美東', 1), ('俄羅斯人', 1), ('瑞士商', 1), ('美國', 1), ('烏克蘭軍', 1), ('俄軍', 1)]), ('市場動態', [('台灣', 3), ('日本', 3), ('美國', 2), ('大陸', 1), ('英國', 1), ('亞洲', 1)]), ('生物科技', [('南韓人', 7), ('美國', 2), ('日本', 1), ('日本人', 1)]), ('網路', [('美國', 5), ('烏克蘭', 2), ('美國人', 2), ('中國', 2), ('華納', 1), ('美式', 1), ('日經', 1), ('韓星', 1), ('日本', 1)]), ('能源科技', [('德國人', 3), ('俄央', 1), ('日本', 1), ('英國', 1)]), ('行動裝置', [('中國', 4), ('韓媒', 4), ('俄商', 1), ('日本', 1)]), ('零組件', [('台商', 5), ('美國', 2), ('美國人', 1), ('中國', 1)]), ('全部', [('美國', 14), ('日本', 10), ('南韓人', 7), ('中國', 7), ('台商', 5), ('韓媒', 4), ('烏軍', 3), ('台灣', 3), ('美國人', 3), ('德國人', 3), ('日商', 2), ('英國', 2), ('烏克蘭', 2), ('美商', 1), ('香港', 1), ('華人', 1), ('美製', 1), ('瓦肯人', 1), ('美東', 1), ('俄羅斯人', 1)])]"
ORDINAL,"[('AI 人工智慧', [('第一', 30), ('第二', 5), ('第三', 5), ('第五', 2), ('第六', 1)]), ('尖端科技', [('第一', 15), ('第二', 4), ('第三', 1), ('首次', 1), ('第五', 1), ('第 8', 1)]), ('市場動態', [('第一', 20), ('第三', 14), ('第二', 9), ('第七', 3), ('第四', 2), ('第\xa06\xa0', 1), ('第五', 1), ('第六', 1), ('首先', 1)]), ('生物科技', [('第三', 15), ('第二', 8), ('第一', 8), ('第四', 6), ('第 4', 3), ('首先', 1), ('第1', 1), ('第5', 1), ('最後', 1), ('第五', 1)]), ('網路', [('第一', 11), ('第二', 5), ('第三', 3), ('首次', 2), ('第230', 1), ('第四', 1), ('第五', 1), ('第 23', 1), ('第一時間', 1), ('第一季', 1)]), ('能源科技', [('第一', 25), ('第四', 9), ('第二', 6), ('第三', 3), ('第 2', 3), ('首次', 2), ('第 1', 2), ('第六', 1), ('第五', 1), ('第2', 1)]), ('行動裝置', [('第三', 7), ('第一', 3), ('第六', 2), ('第 2', 1), ('第二次', 1), ('第二', 1), ('第四', 1), ('第 8.5', 1)]), ('零組件', [('第一', 15), ('第二', 15), ('第三', 4), ('第1', 1), ('第1季', 1), ('首次', 1), ('第五', 1), ('第二季', 1)]), ('全部', [('第一', 127), ('第二', 53), ('第三', 52), ('第四', 19), ('第五', 8), ('首次', 6), ('第六', 5), ('第 2', 4), ('第七', 3), ('第 4', 3), ('首先', 2), ('第1', 2), ('第 1', 2), ('第 8', 1), ('第\xa06\xa0', 1), ('第5', 1), ('最後', 1), ('第230', 1), ('第 23', 1), ('第一時間', 1)])]"
ORG,"[('AI 人工智慧', [('Cresta', 20), ('Viz.ai', 13), ('東元', 13), ('華碩', 12), ('微軟', 11), ('特斯拉', 10), ('鴻海研究院', 9), (' AI ', 9), ('中保科', 8), ('美國海軍', 7), ('美軍', 7), ('Google', 7), ('永豐銀行', 7), ('鴻海', 5), ('台智雲', 5), ('Zoom', 5), ('Five9', 5), ('科技部', 4), ('馬斯克', 4), ('DeepMind', 4)]), ('尖端科技', [('美軍', 24), ('中鋼', 21), ('俄軍', 16), ('解放軍', 11), ('英特爾', 10), ('歐洲太空總署', 7), ('美國海軍', 7), ('歐盟', 7), ('永大', 6), ('北約', 6), ('日立', 5), ('鳳凰', 4), ('美國太空軍', 4), ('默克', 4), ('烏軍', 3), ('五角大廈', 3), ('白宮', 3), ('美國太空部隊', 3), ('經濟部技術處', 3), ('微軟', 3)]), ('市場動態', [('工研院', 69), ('宜特', 26), ('研華科技', 19), ('經濟部', 14), ('宜特科技', 12), ('凌群電腦', 11), ('旺宏', 9), ('固緯電子', 8), ('研華', 8), ('緯謙', 8), ('德凱宜特', 7), ('凌群', 7), ('最高法院', 5), ('盛齊', 5), ('宏佳騰', 5), ('叡揚', 5), ('中智', 5), ('ROHM', 4), ('經濟部技術處', 4), ('智慧財產法院', 4)]), ('生物科技', [('泰博', 9), ('世衛', 9), ('歐盟', 8), ('保險局', 8), ('輝瑞', 5), ('東生華', 5), ('衛福部', 5), ('微軟', 5), ('莫德納', 4), ('衛生局', 4), ('長興', 4), ('仁寶', 4), ('鴻海研究院', 4), ('Novavax', 3), ('金管會', 3), ('藥華藥', 3), ('食藥署', 2), ('泰博科技', 2), ('世界衛生組織', 2), ('FDA', 2)]), ('網路', [('馬斯克', 25), ('特斯拉', 16), ('Twitter', 15), ('Netflix', 11), ('財政部', 9), ('國發會', 9), ('國稅局', 8), (' Netflix ', 8), (' Twitter ', 8), ('中華電信', 7), ('俄軍', 6), (' LINE ', 6), (' Twitter', 6), ('Twitter ', 6), ('Netflix ', 6), ('微軟', 6), ('國防部', 6), (' Twitter\xa0', 6), ('遠傳', 5), ('HBO ', 4)]), ('能源科技', [('歐盟', 19), ('鴻海', 18), ('工研院', 16), ('台電', 13), ('中油', 10), ('台泥', 10), ('經濟部', 8), ('研華', 8), ('亞馬遜', 7), ('行政院', 6), ('小摩', 6), ('美銀', 6), ('星展銀行', 6), ('台塑', 6), ('聯合國', 5), ('中保科', 5), ('蘋果', 5), ('奇美實業', 5), ('勞斯萊斯', 4), ('沃旭', 4)]), ('行動裝置', [('微軟', 44), ('三星', 27), ('小米', 9), ('華為', 7), ('鴻海', 6), ('京東方', 6), ('華碩', 6), ('蘋果', 5), ('彭博社', 5), ('聯想', 4), ('波克夏科技', 2), ('美國空軍', 2), ('kia ', 1), ('台中市私立葳格中學', 1), ('\xa0葳格中學高職部', 1), ('\xa0葳格中學國中部', 1), ('諾基亞', 1), ('三安光電', 1), ('上詮', 1), ('英特爾', 1)]), ('零組件', [('台積電', 64), ('鴻海', 14), ('美系', 12), ('華邦電', 9), (' ARM ', 9), ('友達', 7), ('宏璟', 7), ('詮欣', 6), ('聯詠', 6), ('瑞昱', 5), ('軟銀', 5), ('鴻海研究院', 5), ('萬泰科', 5), ('廣達', 5), ('上海廠', 5), ('亞利桑那州廠', 4), ('歐盟', 4), ('ASML', 4), ('京東方', 4), ('優群', 4)]), ('全部', [('工研院', 89), ('微軟', 73), ('台積電', 67), ('鴻海', 44), ('歐盟', 42), ('美軍', 37), ('馬斯克', 30), ('三星', 30), ('特斯拉', 29), ('宜特', 26), ('經濟部', 25), ('俄軍', 22), ('中鋼', 22), ('Cresta', 20), ('華碩', 19), ('研華科技', 19), ('鴻海研究院', 18), ('英特爾', 17), ('台電', 16), ('研華', 16)])]"
PERCENT,"[('AI 人工智慧', [('30%', 2), ('25%', 2), ('10%', 2), ('57%', 2), ('五成', 2), ('11%', 1), ('2%', 1), ('62%', 1), ('72%', 1), ('58%', 1), ('56%', 1), ('20%', 1), ('200%', 1), ('59.0%', 1), ('7.7%', 1), ('1.8%', 1), ('65%', 1), (' 6.3%', 1), ('50％', 1)]), ('尖端科技', [('57%', 2), ('95%', 1), ('30%', 1), ('27.90%', 1), ('7.74%', 1), ('70%', 1), ('三分之二', 1), ('74%', 1), ('48%', 1)]), ('市場動態', [('50%', 3), ('1%', 2), ('10%', 2), ('52.9%', 2), ('65.7%', 2), ('60%', 2), ('2.8%', 2), ('98%', 1), ('61.5%', 1), ('28.6%', 1), (' 16%', 1), ('5.5%', 1), ('25%', 1), ('96.7%', 1), (' 1%', 1), ('40％', 1), ('85%', 1), ('67.2%', 1), ('35.3%', 1), ('52.2%', 1)]), ('生物科技', [('5%', 2), ('30%', 2), ('24.1％', 1), ('一半', 1), ('99.7%', 1), ('4%', 1), ('9%', 1), ('99.62%', 1), ('0.35%', 1), ('23.1%', 1), ('40.9%', 1), ('25%', 1), ('29%', 1), ('24%', 1), ('五成', 1), ('四成', 1), ('85%', 1), ('10%', 1), ('9.11%', 1), ('1.65%', 1)]), ('網路', [('20%', 3), ('13%', 3), ('5%', 2), ('12%', 2), ('30%', 2), ('35%', 2), ('1.7%', 2), ('60%', 2), ('40%', 1), (' 43%', 1), (' 60%', 1), ('2.7%', 1), ('1%', 1), ('2.2%', 1), ('22%', 1), ('11.3%', 1), ('28.4%', 1), ('7.7%', 1), ('50%', 1), ('5~40%', 1)]), ('能源科技', [('10%', 4), ('3%', 3), ('20%', 3), ('25%', 3), ('27%', 3), ('6%', 2), ('2.3%', 2), ('35%', 2), ('2%', 2), ('29%', 2), (' 30%', 2), ('4%', 2), ('4.12%', 2), ('61%', 2), ('1.6%', 2), (' 53%', 1), ('21%', 1), ('42%', 1), ('63%', 1), ('100%', 1)]), ('行動裝置', [('15%', 2), ('25.5%', 2), ('4.8%', 2), ('12.9%', 1), ('1.5%', 1), ('20.7%', 1), ('6.5%', 1), ('11.51%', 1), ('1.51%', 1), ('60%', 1), (' 60%', 1), ('3.2%', 1), ('3.6%', 1), (' 13.5%', 1), ('10%', 1)]), ('零組件', [('5.4%', 4), ('3%', 3), ('20%', 3), ('100%', 3), ('15%', 3), ('50%', 3), ('5%', 3), ('8%', 3), ('6%', 2), ('49%', 2), ('2%', 2), ('48.1%', 2), ('7%', 2), ('6.8%', 2), ('4.9%', 2), ('7.1%', 2), ('7.8%', 2), ('8.3%', 2), ('30%', 2), ('76.43%', 1)]), ('全部', [('10%', 11), ('20%', 11), ('30%', 10), ('25%', 9), ('50%', 8), ('5%', 8), ('60%', 7), ('3%', 6), ('2%', 5), ('6%', 5), ('100%', 5), ('8%', 5), ('15%', 5), ('57%', 4), ('五成', 4), ('1%', 4), ('4%', 4), ('29%', 4), ('12%', 4), ('35%', 4)])]"
PERSON,"[('AI 人工智慧', [('馬斯克', 23), ('包淳偉', 11), ('特斯拉', 7), ('武平', 6), ('周秀專', 6), ('鄭弘孟', 6), ('林沛暘', 5), ('歐特明', 5), ('曾怡舜', 4), ('哈薩比斯', 4), ('邱純枝', 4), ('艾爾頓', 3), ('柯潔', 3), ('卡帕席', 3), ('李維斌', 2), ('張鼎張', 2), ('王易如', 2), ('楊森', 2), ('戴密斯·哈薩比斯', 2), ('徐世昌', 2)]), ('尖端科技', [('馬斯克', 10), ('蔡朝陽', 5), ('林顯易', 4), ('賀錦麗', 3), ('李育杰', 3), ('格拉姆', 2), ('川培爾', 2), ('普丁', 2), ('貝內特', 2), ('哈瑪斯', 2), ('費多洛夫', 1), ('克拉克', 1), ('（Tad Clark）', 1), ('拜登', 1), ('霍普金斯三世', 1), ('霍普金斯', 1), ('薩瑪特', 1), ('柯比', 1), ('莎琪', 1), ('特斯拉', 1)]), ('市場動態', [('黃柏漙', 10), ('昇陽', 8), ('張仁杰', 8), ('方彥翔', 7), ('郭明宗', 5), ('劉瑞隆', 5), ('劉文雄', 4), ('邱彥錡', 2), ('余維斌', 2), ('莊文郁', 2), ('葉肇元', 2), ('王美花', 2), ('尹承達', 2), ('林倬立', 2), ('莫博喬', 2), ('游小美', 2), ('邱求慧', 2), ('陳逸樺', 1), (' Ed White ', 1), (' Akamai ', 1)]), ('生物科技', [('陳時中', 32), ('莫德納', 7), ('楊文明', 6), ('金萬林', 6), ('智恩', 5), ('蔡政憲', 5), ('邱政洵', 4), ('李智賢', 4), ('李顯龍', 3), ('圖德', 3), ('羅一鈞', 3), ('阿齊茲', 2), ('張茗喧', 2), ('謝方娪', 2), ('連炎', 2), ('黃彥儒', 1), ('何美鄉', 1), ('謝育嘉', 1), ('邱韞蓁', 1), ('李惠利', 1)]), ('網路', [('馬斯克', 18), ('歐巴馬', 10), ('許慈美', 5), ('歐布萊恩', 5), ('陳時中', 3), ('李昆謀', 3), ('巴雷特', 2), ('陳鴻嘉', 2), ('川培爾', 2), ('唐鳳', 2), ('黃彥儒', 1), ('阿格拉瓦爾', 1), ('羅斯柴爾德', 1), ('艾夫斯', 1), ('博澤爾', 1), ('邱韞蓁', 1), ('Google', 1), ('川普', 1), ('拜登', 1), ('費多洛夫', 1)]), ('能源科技', [('曾文生', 12), ('王美花', 9), ('亞馬遜', 8), ('李順欽', 6), ('蔡朝陽', 5), ('李世光', 5), ('吳東亮', 4), ('曾智怡', 3), ('葉倫', 3), ('張正鼎', 3), ('張安平', 3), ('鄭財河', 2), ('洪榮聰', 2), ('簡又新', 2), ('陳正然', 2), ('汪欣潔', 2), ('蔡卉荀', 2), ('龔明鑫', 2), ('邱純枝', 2), ('普丁', 2)]), ('行動裝置', [('黃文貞', 7), ('郭明錤', 6), ('張祐瑜', 4), ('葳格', 4), ('施浚璿', 3), ('郭明', 2), ('陳志銓', 1), ('克里斯汀‧雷伯', 1), ('Google Blog', 1), ('The Elec ', 1)]), ('零組件', [('張忠謀', 11), ('何麗梅', 8), ('方淑華', 6), ('林沛暘', 5), ('張建中', 4), ('郭明錤', 4), ('孫正義', 3), ('莊子壽', 2), ('李維斌', 2), ('楊柱祥', 2), ('柯富仁', 2), ('張鼎張', 2), ('林彥廷', 1), ('葉光釗', 1), ('r Labs ', 1), ('洪榮聰', 1), ('DISCO', 1), ('彭双浪', 1), ('William Li', 1), ('Dale Gai', 1)]), ('全部', [('馬斯克', 53), ('陳時中', 35), ('曾文生', 12), ('包淳偉', 11), ('王美花', 11), ('張忠謀', 11), ('林沛暘', 10), ('蔡朝陽', 10), ('黃柏漙', 10), ('歐巴馬', 10), ('郭明錤', 10), ('特斯拉', 8), ('昇陽', 8), ('張仁杰', 8), ('亞馬遜', 8), ('何麗梅', 8), ('方彥翔', 7), ('莫德納', 7), ('黃文貞', 7), ('李世光', 6)])]"
PRODUCT,"[('AI 人工智慧', [('Grace CPU\xa0', 5), (' ChestLink ', 4), (' AI ', 4), ('Adobe ', 3), (' BMS ', 2), ('ConcertAI ', 2), (' FDA ', 2), (' Oxipit ', 2), (' CE ', 2), ('AI ', 2), (' DALL·E ', 2), ('Google ', 2), ('\xa0AI\xa0', 2), ('\xa0Grace CPU\xa0', 2), ('\xa0Arm\xa0', 2), ('\xa0CPU\xa0', 2), (' Premiere Pro ', 1), (' 100GB ', 1), ('After ', 1), (' M1 ', 1)]), ('尖端科技', [('西北風', 5), (' F-16V ', 4), (' Spot ', 3), (' MAST ', 3), (' Mig-29', 3), (' Tu-214', 3), (' SpaceX ', 2), ('SpaceX ', 2), (' RC-135S ', 2), ('NASA ', 2), ('E1 ', 2), ('Luna-25', 2), ('運-20 ', 2), (' C-17 ', 2), ('Spot ', 1), (' 3D ', 1), (' NYPD ', 1), ('Matra Électronique', 1), (' 100', 1), ('JSX ', 1)]), ('市場動態', [(' 5G ', 4), (' Cadence ', 4), ('Amazfit ', 3), ('Palladium Z2 ', 3), ('Arm ', 3), (' Sigrity ', 3), (' FR1 ', 2), (' FR2 ', 2), ('dipp ', 2), (' LTS ', 2), (' Amazfit ', 2), (' GT3 ', 2), (' Protium X2 ', 2), (' SoC ', 2), ('Protium X2 ', 2), ('Xilinx ', 2), (' MT8000A ', 1), (' RF ', 1), ('NSA', 1), ('SA', 1)]), ('生物科技', [('COVID-19', 4), ('PNY-1000', 2), ('InspectIR', 1), ('刺胳針', 1), ('4. ', 1), ('5. ', 1), (' 400 ', 1), ('諾瓦瓦克斯', 1)]), ('網路', [(' TikTok ', 8), (' Netflix ', 7), ('499', 6), ('TikTok ', 5), (' Disney+ ', 4), (' Google ', 3), ('Adobe ', 3), ('Netflix ', 3), (' Android ', 2), (' NFT', 2), (' YouTube ', 2), (' TikTok', 2), (' SnapChat ', 2), (' Max ', 1), (' HBO Max ', 1), ('Android', 1), ('Google ', 1), ('COVID-19', 1), ('Twitter', 1), (' 7-Zip ', 1)]), ('能源科技', [('U3O8', 3), (' USB ', 2), ('Cameco', 2), (' 8MW ', 1), (' 12MW ', 1), (' Android ', 1), (' USB-C', 1), (' iPhone 14 Pro ', 1), (' iPhone 13 Pro ', 1), (' ProRes ', 1)]), ('行動裝置', [(' iPad ', 31), (' OLED ', 16), (' iPad Pro ', 15), (' Mini LED ', 14), (' M1 ', 12), (' iPad Air ', 10), (' iPad Pro', 9), (' Google ', 7), (' App ', 6), (' Mark Gurman ', 5), ('Mark Gurman ', 5), (' Mini LED', 5), ('Google ', 5), ('iPad Air 5 ', 5), (' iPad Air', 5), ('Windows 11', 4), (' M2 ', 4), ('M2 ', 4), (' Mac ', 4), (' iPad', 4)]), ('零組件', [(' GPU ', 5), (' AI ', 3), ('HPE ', 2), (' M1 ', 2), (' Micro LED ', 2), (' DRAM ', 2), (' DDR3 ', 2), (' DDR3', 2), (' NVIDIA ', 2), ('NVIDIA ', 2), (' AI/ML ', 2), ('IPO', 1), (' Quantum ', 1), (' 148EB', 1), (' HDD ', 1), (' SSD ', 1), ('WWDC', 1), (' M2 ', 1), ('Mac mini', 1), ('MacBook Pro', 1)]), ('全部', [(' iPad ', 31), (' M1 ', 16), (' OLED ', 16), (' iPad Pro ', 15), (' Mini LED ', 14), (' Google ', 10), (' iPad Air ', 10), (' iPad Pro', 9), (' AI ', 8), ('Google ', 8), (' Android ', 8), (' TikTok ', 8), (' 5G ', 7), (' Netflix ', 7), ('Adobe ', 6), ('COVID-19', 6), ('499', 6), (' App ', 6), ('Grace CPU\xa0', 5), ('西北風', 5)])]"
QUANTITY,"[('AI 人工智慧', [(' 1 奈米', 2), (' 200 平方公尺', 1), ('27英里', 1), ('365公里', 1), ('1億度', 1), (' 400~700nm', 1), ('10-9 公尺', 1), (' 100 奈米', 1), ('100 奈米尺度', 1), ('6~10 毫克', 1), (' 80 萬公里', 1), ('數百萬公里', 1), (' 3,700 公里', 1), (' 14,658 公斤', 1)]), ('尖端科技', [(' 220 公克', 1), (' 200 公克', 1), (' 9 公分', 1), (' 15-度', 1), ('幾公尺', 1), ('18.7 公斤', 1), (' 155 公釐', 1), ('10 公里', 1), (' 40 公里', 1), ('35.5 公尺', 1), ('208 公噸', 1), ('2.2公尺', 1), ('209.6 公噸', 1), ('000 公里', 1), ('100 公里', 1), ('70 萬噸', 1), (' 1 馬赫', 1), ('27英里', 1), ('365公里', 1), ('10萬噸', 1)]), ('市場動態', [('217-220℃', 1), ('百萬瓦', 1), (' 380 公尺', 1), ('3.7吋', 1), ('4.01吋', 1)]), ('生物科技', [('一次', 1), ('10 公尺', 1), ('半微克', 1), ('10 微克', 1)]), ('網路', [('兩位', 1)]), ('能源科技', [('一噸', 7), (' 4 公尺', 2), (' 9.5 億度', 2), ('kWh', 2), ('幾十坪', 2), (' 725 公里', 2), (' 143 公尺', 1), (' 40 噸', 1), (' 8 億度', 1), (' 30 億度', 1), (' 1408 公尺', 1), (' 1404.19 公尺', 1), (' 1.71 億噸', 1), (' 20 億度', 1), ('912 公噸', 1), ('150 兆瓦', 1), (' 445 兆瓦', 1), ('1.38億噸', 1), ('35~60 公里', 1), ('33.98 億度', 1)]), ('行動裝置', [(' 5.65 釐米', 1), ('24 吋', 1), ('\xa011 吋', 1), (' 4 奈米', 1), (' 5 公尺', 1), (' 0.8 公尺', 1), (' 5.5 釐米', 1), ('2.9 吋', 1), (' 15 吋', 1), ('2,200 x 2,500mm', 1)]), ('零組件', [('32吋', 3), ('65 吋', 3), ('29.83公頃', 2), ('43吋', 2), ('55吋', 2), ('43 吋', 2), ('32 吋', 2), ('262公頃', 1), ('7奈米', 1), ('28奈米', 1), ('30公頃', 1), ('22.90公頃', 1), ('6.56公頃', 1), ('kWh', 1), ('3,000 nits', 1), ('36 吋', 1), ('48 吋', 1), ('34吋', 1), ('17.3 吋', 1), ('30 吋', 1)]), ('全部', [('一噸', 7), ('kWh', 3), ('32吋', 3), ('65 吋', 3), ('27英里', 2), ('365公里', 2), (' 1 奈米', 2), ('10萬噸', 2), ('上萬噸', 2), (' 4 公尺', 2), (' 9.5 億度', 2), ('幾十坪', 2), (' 725 公里', 2), ('24 吋', 2), ('29.83公頃', 2), ('43吋', 2), ('55吋', 2), ('43 吋', 2), ('32 吋', 2), (' 200 平方公尺', 1)])]"
TIME,"[('AI 人工智慧', [('5小時', 2), ('數小時', 1), (' 15~30 分鐘', 1), ('5~25秒', 1), ('6~8小時', 1), ('15~30分鐘', 1), ('10~15分鐘', 1), (' 0.1 秒', 1), ('40分鐘', 1), ('2秒', 1), ('幾秒', 1), ('1秒', 1), ('5千萬分之一秒', 1), ('10-12 秒', 1), ('10-6 秒', 1), ('6 小時', 1), ('夜晚', 1), ('24 小時', 1)]), ('尖端科技', [('數小時', 2), ('上午', 2), ('夜間', 1), ('20 多秒', 1), (' 4 秒', 1), (' 7 秒', 1), ('40分鐘', 1), ('幾秒', 1), ('一夜之間', 1), ('13小時', 1)]), ('市場動態', [('下午五點', 1), ('下午', 1), (' 10／1 中午', 1), (' 12 點', 1), ('一兩個小時', 1), ('一分鐘', 1)]), ('生物科技', [('下午', 5), ('3分鐘', 3), ('10秒', 2), ('深夜', 1), ('早上7點', 1), ('10點', 1), ('凌晨3點', 1), ('半夜', 1), ('幾小時', 1), (' 48 小時', 1), ('15 分鐘', 1)]), ('網路', [('1小時', 2), ('幾秒', 2), ('2小時', 1), ('3小時', 1), ('13毫秒', 1), ('1.8秒', 1), ('90秒', 1), ('5分鐘', 1), ('中午', 1), ('午間', 1), ('1 小時', 1), ('30 秒', 1), ('數分鐘', 1)]), ('能源科技', [('夜晚', 2), ('白天', 1), ('午間', 1), ('一小時', 1), ('夜間', 1), ('中午', 1), ('晚上', 1), ('下午', 1), ('五分鐘', 1)]), ('行動裝置', [(' 3 月 9 日凌晨', 1), ('十幾個小時', 1)]), ('零組件', [(' 3 秒', 2), ('數小時', 1), (' 15~30 分鐘', 1), ('5~25秒', 1), ('6~8小時', 1), ('15~30分鐘', 1), ('10~15分鐘', 1), (' 3 小時', 1), (' 3 個小時', 1), (' 1 秒', 1)]), ('全部', [('下午', 7), ('數小時', 4), ('幾秒', 4), ('夜晚', 3), ('3分鐘', 3), (' 15~30 分鐘', 2), ('5~25秒', 2), ('6~8小時', 2), ('15~30分鐘', 2), ('10~15分鐘', 2), ('40分鐘', 2), ('5小時', 2), ('夜間', 2), ('上午', 2), ('10秒', 2), ('1小時', 2), ('中午', 2), ('午間', 2), (' 3 秒', 2), (' 0.1 秒', 1)])]"
WORK_OF_ART,"[('AI 人工智慧', [('Nature', 6), ('DeepMind', 2), ('自然', 2), ('銀翼殺手', 2), ('星際效應', 1), ('愛范兒', 1), ('Dota 2', 1), ('PLOS ONE', 1), ('電馭叛客', 1)]), ('尖端科技', [('愛范兒 ', 1), ('MoneyDJ新聞', 1), ('星際效應', 1), ('愛范兒', 1)]), ('市場動態', [('科技哪裡趣', 6), ('全球百大創新機構獎', 3), ('金賞獎', 3), ('白金獎', 2), ('國家產業創新獎', 2), ('科技新報', 2), ('盜版之患猛於虎', 1), ('國家工安獎', 1), ('國家職業安全衛生獎', 1), ('台灣精品獎', 1)]), ('生物科技', [('經濟學人', 1), ('諾貝爾獎', 1), ('世界幸福報告', 1)]), ('網路', [('女子監獄', 2), ('絕命毒師', 1), ('沉默的羔羊', 1), ('MIT News', 1), ('怪奇物語', 1), ('魷魚遊戲', 1), ('Netflix', 1)]), ('能源科技', [('湖濱散記', 2), ('FRANCE 24', 1), ('淨零峰會暨數位氣候行動獎', 1), ('iDropNews', 1), ('MoneyDJ新聞', 1), ('2022', 1)]), ('行動裝置', [('Wunderlist', 2), ('科技新報', 1), ('當個創世神', 1), ('當個創世神 地球', 1), ('Android', 1)]), ('零組件', [('傑出人士貢獻獎', 1), ('The Elec', 1)]), ('全部', [('Nature', 6), ('科技哪裡趣', 6), ('全球百大創新機構獎', 3), ('科技新報', 3), ('金賞獎', 3), ('星際效應', 2), ('愛范兒', 2), ('DeepMind', 2), ('自然', 2), ('銀翼殺手', 2), ('MoneyDJ新聞', 2), ('白金獎', 2), ('國家產業創新獎', 2), ('女子監獄', 2), ('湖濱散記', 2), ('Wunderlist', 2), ('Dota 2', 1), ('PLOS ONE', 1), ('電馭叛客', 1), ('愛范兒 ', 1)])]"
